Date,WTi,Brent,Dubai
1,76.87,81.36,83.25
2,77.57,81.9,84.18
3,79.26,82.88,84.18
4,79.8,83.71,85.14
5,80.06,83.98,84.61
6,79.23,83.27,83.74
7,78.63,82.75,83.42
8,78.02,82.38,83.91
9,79.12,83.36,83.87
10,78.26,82.79,84.86
11,79.26,83.88,84.67
12,78.99,83.58,82.98
13,78.38,83.16,84.12
14,78.48,83.33,84.02
15,78.11,82.96,84.12
16,78.95,83.67,84.52
17,79,83.44,88.59
18,81.93,87.86,88.59
19,82.63,88.4,88.9
20,83.85,89.5,88.99
21,83.57,89.01,88.62
22,82.81,88.02,88.86
23,83.36,88.42,88.47
24,82.85,87,86.41
25,83.14,87.29,87.72
26,82.73,87.11,87.43
27,82.69,87.29,90.07
28,85.36,90.02,90.26
29,85.41,90.1,89.53
30,85.66,90.45,90.48
31,85.02,89.74,90.88
32,86.21,90.48,90.74
33,85.23,89.42,90.74
34,86.43,90.38,90.03
35,86.91,91.17,90.89
36,86.59,90.65,89.63
37,85.43,89.35,89.48
38,85.15,88.92,89.04
39,83.71,87.42,87.65
40,83.17,87.48,86.31
41,81.35,86.09,85.22
42,81.62,86.25,86.18
43,81.95,86.75,85.5
44,80.63,85.43,85.49
45,81.07,85.78,86
46,81.68,85.95,86.51
47,83.47,86.89,86.43
48,82.72,86.89,85.65
49,81.04,85.34,84.81
50,81.26,85.42,84.09
51,79.72,84.03,82.22
52,77.56,81.92,82.84
53,77.93,82.21,82.1
54,78.01,82.08,83.35
55,78.93,82.96,82.36
56,79.13,82.96,82.02
57,78.15,82.04,81.79
58,78.74,82.8,83.1
59,79.97,83.55,81.55
60,78.26,83.62,81.78
61,78.54,83.68,81.84
62,78.87,83.65,82.06
63,77.58,82.53,80.42
64,76.49,81.62,82.02
65,78.61,83.67,82.61
66,77.91,83.03,81.44
67,78.18,82.34,82.76
68,79.19,83.47,82.07
69,78.03,82.86,80.57
70,76.64,81.6,82.45
71,77.87,82.77,81.9
72,76.84,82.19,81.02
73,76.22,81.63,79.32
74,73.86,79.21,78.51
75,73.31,78.59,77.98
76,72.78,77.99,77.4
77,72.28,77.33,78.92
78,73.82,78.7,80.31
79,75.85,81.71,82.41
80,77.82,82.87,81.9
81,76.78,82.4,83.31
82,78.01,83.55,81.67
83,77.36,82.43,80.31
84,75.09,80.04,79.57
85,74.37,79.55,79.89
86,75.19,80.06,77.76
87,73.41,78.56,78.88
88,74.08,79.1,77.54
89,72.56,77.88,76.77
90,72.4,78.29,77.83
91,72.68,78.29,79.03
92,72.02,77.41,77.3
93,71.37,76.8,77.99
94,72.24,77.59,76.84
95,70.77,76.12,77.87
96,73.81,78.76,77.78
97,72.19,77.59,78.64
98,72.7,78.25,75.28
99,70.38,75.89,78.1
100,71.65,77.04,77.08
101,71.77,78.39,79.09
102,74.11,79.65,80.19
103,75.57,81.07,78.65
104,73.56,79.07,79.12
105,73.89,79.39,78.84
106,74.22,79.7,79.06
107,73.44,79.23,76.83
108,72.47,77.95,76.17
109,71.43,76.55,76.16
110,71.58,76.61,74.38
111,69.47,74.26,71.63
112,68.61,73.24,76.23
113,71.32,76.03,76.63
114,71.23,75.84,76.07
115,69.34,74.05,75
116,69.38,74.3,77.53
117,72.32,77.2,78.53
118,73.04,78.03,78.03
119,74.07,78.88,81.31
120,75.96,82.83,85.38
121,77.86,83.1,82.99
122,76.41,81.68,82.14
123,74.86,79.98,81.49
124,75.54,80.58,83.05
125,77.1,81.96,84.19
126,77.77,82.45,83.39
127,77.6,82.32,82.79
128,75.89,80.61,79.23
129,72.9,77.42,81.67
130,76.66,81.18,83.23
131,78.26,82.47,83.35
132,77.17,81.43,81.62
133,75.74,80.01,81.29
134,75.33,79.54,82.74
135,77.37,81.61,85.04
136,80.82,85.18,86.89
137,80.51,84.89,88.26
138,82.46,86.85,86.94
139,80.44,84.63,86.25
140,81.02,87.41,88.05
141,82.31,87.45,89.85
142,85.54,90.48,89.72
143,83.21,87.93,90.11
144,85.39,90.13,89.03
145,83.74,88.07,90.49
146,85.49,89.83,92.34
147,88.75,92.16,93.44
148,89.37,92.38,91.19
149,88.32,91.5,92.48
150,86.66,89.9,90.78
151,86.66,89.65,91.13
152,87.69,90.89,88.88
153,82.91,86,87.27
154,83.49,85.82,88.2
155,85.97,87.65,88.49
156,86.38,88.15,87.05
157,82.79,84.58,84.83
158,82.31,84.07,86.29
159,84.22,85.81,90.66
160,89.23,90.92,91.09
161,88.82,90.71,93.12
162,90.79,95.31,96.1
163,91.71,95.38,96.75
164,93.68,96.55,94.46
165,90.39,93.96,92.83
166,89.68,93.29,94.09
167,90.03,93.27,94.27
168,89.63,93.3,93.23
169,90.28,93.53,93.85
170,91.2,94.34,95.19
171,91.48,94.43,95.2
172,90.77,93.93,95.56
173,90.16,93.7,93.84
174,88.52,91.88,93.89
175,88.84,92.06,92.34
176,87.29,90.64,91.59
177,87.51,90.65,91.08
178,86.87,89.92,91.49
179,87.54,90.6,90.58
180,86.69,90.04,89.2
181,85.55,88.55,88.03
182,83.63,86.86,87.53
183,81.63,85.86,86.78
184,81.16,85.49,86.09
185,80.1,84.42,86.29
186,79.83,84.48,86.17
187,79.05,83.36,85.09
188,78.89,83.21,85.34
189,80.35,84.03,85.74
190,80.72,84.46,86.93
191,81.25,84.8,85.41
192,80.39,84.12,84.94
193,79.38,83.45,86.04
194,80.99,84.89,87.14
195,82.51,86.21,87.61
196,83.19,86.81,87.86
197,82.82,86.4,89.03
198,82.92,86.17,87.09
199,81.94,85.34,87.73
200,82.82,86.24,87.11
201,81.55,85.14,83.97
202,79.49,83.2,86.29
203,81.37,84.91,85.85
204,81.8,85.56,85.64
205,80.58,84.99,84.71
206,80.09,84.24,84.09
207,78.78,82.92,84.29
208,79.63,83.64,84.25
209,78.74,82.74,82.52
210,77.07,81.07,81.77
211,75.63,79.64,81.04
212,75.35,79.46,80.99
213,75.75,79.63,79.59
214,74.15,78.5,79.47
215,75.42,79.87,81.97
216,76.89,81.36,81.09
217,75.75,80.11,79.91
218,74.83,79.4,78.79
219,72.99,77.69,78.28
220,73.86,78.47,77.86
221,71.8,76.52,77.29
222,71.79,76.65,75.44
223,69.79,74.65,75.21
224,70.64,74.9,76.63
225,69.56,74.03,74.24
226,67.7,72.26,75.48
227,69.37,74.18,74.49
228,69.16,73.85,74.07
229,69.51,74.14,77.44
230,72.53,77.12,76.96
231,70.5,75.9,77.44
232,71.78,76.61,75.44
233,70.62,75.67,73.34
234,68.27,73.2,74.61
235,69.42,74.29,71.97
236,67.12,71.84,72.38
237,70.17,74.79,75.22
238,71.29,75.96,76.16
239,72.53,76.95,75.22
240,71.74,76.29,74.31
241,72.15,76.71,76.41
242,70.1,74.28,71.66
243,68.09,72.66,72.25
244,69.46,73.54,74.95
245,72.67,76.95,75.33
246,71.83,76.26,76.72
247,74.34,78.36,76.64
248,72.91,76.84,74.9
249,71.99,75.99,74.47
250,71.55,75.58,74.99
251,71.86,75.86,75.37
252,72.83,76.96,73.18
253,70.86,74.91,74.6
254,71.11,75.23,73.33
255,70.04,74.17,73.54
256,70.87,74.98,76.22
257,72.56,76.41,75.74
258,73.71,77.44,75.85
259,73.16,77.01,76.21
260,71.34,75.3,73.27
261,68.56,72.5,72.97
262,68.6,72.33,73.66
263,71.66,75.32,78.61
264,76.78,79.54,79.73
265,74.76,78.37,78
266,74.3,77.69,80.28
267,77.07,80.77,82.79
268,78.76,82.73,80.95
269,77.87,81.66,80.77
270,77.29,81.1,81.74
271,79.16,83.12,83.58
272,80.86,84.77,84.69
273,80.83,84.76,85.93
274,82.52,86.31,86.06
275,82.16,86.09,87.36
276,83.26,87.33,85.58
277,81.53,85.61,84.53
278,79.74,84.18,84.76
279,80.7,85.12,84.57
280,80.61,84.99,84.89
281,80.71,84.94,85.08
282,80.42,84.93,84.1
283,75.67,79.77,78.08
284,74.37,79.27,77.78
285,72.97,78.28,78.04
286,73.2,78.65,77.89
287,72.81,78.12,74.77
288,69.26,74.99,75.14
289,69.96,75.91,76.12
290,70.9,76.69,74.59
291,69.33,75.32,73.74
292,67.64,73.79,70.31
293,66.74,72.97,74.84
294,68.35,74.7,73.96
295,67.61,73.69,77.82
296,71.33,77.45,79.07
297,74.8,80.77,82.35
298,76.68,82.78,80.23
299,75.72,81.59,81.8
300,76.66,82.66,81.99
301,77.58,83.29,84.6
302,80.46,86.18,84.11
303,79.68,85.83,83.23
304,78.16,84.75,82.87
305,77.69,84.31,82.48
306,77.05,83.45,81.92
307,75.68,82.45,82.21
308,76.32,83.16,82.07
309,75.39,82.21,80.07
310,73.95,80.6,80.83
311,76.16,83.05,81.91
312,76.34,83,82.21
313,78.49,85.14,84.03
314,78.59,85.38,83.31
315,79.06,85.58,84.91
316,80.14,86.61,84.43
317,79.72,86.39,83.58
318,78.06,84.5,83.23
319,78.47,85.09,81.93
320,77.14,83.69,80.46
321,74.11,80.99,78.36
322,73.39,79.94,79.77
323,75.88,82.17,80.9
324,76.41,82.84,83.6
325,78.87,84.49,80.91
326,77.9,84.9,82.63
327,79.68,86.66,84.17
328,81.01,87.47,83.23
329,80.15,86.12,83.52
330,81.31,87.63,83.88
331,80.33,86.16,81.43
332,79.48,84.98,83.7
333,80.18,85.92,82.54
334,79.86,85.28,81.07
335,78.39,84.03,79.53
336,77.41,82.67,76.84
337,75.12,80.1,76.04
338,74.63,79.65,77.09
339,73.77,78.57,75.2
340,73.67,78.69,75.19
341,72.84,77.84,77.1
342,76.93,82.1,82.07
343,80.26,85.91,78.77
344,78.4,82.26,78.15
345,78.96,83.26,80
346,79.53,84.33,80.63
347,79.56,83.92,78.11
348,77.49,80.98,78.88
349,78.29,82.2,76.74
350,76.09,79.99,75.79
351,75.19,79.8,75.36
352,74.29,79.04,76.36
353,76.11,81.21,77.73
354,77.28,82.7,76.71
355,75.39,80.68,75.48
356,73.17,77.99,71.83
357,71.02,76.1,72.05
358,71.46,76.15,73.09
359,72.01,77.17,74.85
360,74.25,79.35,77.97
361,76.93,82.68,80.81
362,79.98,85.57,80.98
363,81.22,86.88,81.37
364,80.55,85.43,80.44
365,78.2,83.03,80.96
366,77.24,83.19,76.68
367,76.28,83.63,81.08
368,77.94,85.41,81.83
369,80.95,88.36,82.35
370,79.73,87.45,81.27
371,80.08,87.62,84.35
372,81.64,89.78,87.18
373,85.59,92.86,88.06
374,86.92,93.86,86.83
375,85.87,93.14,91.04
376,88.96,95.99,91.05
377,86.47,93.67,87.18
378,85.83,92.65,89.8
379,88.91,95.36,92.34
380,91.79,97.92,92.92
381,92.61,98.57,92.31
382,88.17,94.67,89.83
383,90,96.16,91.02
384,88.37,94.65,91.44
385,86.53,94.83,90.64
386,87.9,95.77,92.66
387,89.08,96.96,92.4
388,87.91,95.69,90.39
389,85.32,93.52,89.6
390,85.05,93.5,90.74
391,85.55,92.41,85.79
392,85.55,92.41,85.79
393,82.82,90.03,88.85
394,85.46,91.62,89.69
395,85.61,91.63,92.12
396,89.11,94.57,91.19
397,87.27,92.45,92.95
398,89.35,94.29,93.73
399,91.13,96.19,96.51
400,88.45,93.31,94.42
401,88.45,94.42,93.31
402,87.76,93.37,91.22
403,86.52,91.8,88.82
404,83.63,88.86,88.28
405,79.49,87.96,89.51
406,81.23,88.49,87.33
407,82.15,89.32,84.66
408,78.5,86.27,84.25
409,76.71,84.06,84.89
410,78.74,86.15,88.82
411,83.49,90.46,91.21
412,82.94,89.83,92.77
413,84.45,90.62,92.59
414,85.73,92,90.36
415,85.11,91.35,91.04
416,85.1,90.84,93.66
417,88.48,94.1,92.73
418,87.31,93.17,94.5
419,87.78,94,92.42
420,86.79,92.84,90.45
421,81.94,88,92.27
422,86.88,92.83,95.25
423,86.88,92.83,95.25
424,86.87,93.02,94.74
425,86.61,92.36,93.99
426,89.55,96.49,97.88
427,91.64,99.31,102.84
428,97.01,105.09,100.21
429,93.06,100.99,99.68
430,92.52,99.34,99.92
431,94.89,101.22,99.54
432,93.74,100.22,96.54
433,90.23,96.48,93.97
434,90.77,96.72,94.36
435,90.5,96.59,92.85
436,88.11,93.65,90.45
437,86.53,92.34,92.12
438,89.41,95.1,94.6
439,92.09,98.15,98.24
440,94.34,99.6,96.03
441,91.93,97.4,94.89
442,90.76,96.65,94.31
443,89.01,94.92,93.75
444,88.54,94.12,95.73
445,90.66,96.78,98.4
446,94.42,100.54,98.02
447,93.89,100.03,101.54
448,98.62,110.01,107.23
449,96.42,107.14,105.04
450,97.26,106.62,101.43
451,94.98,104.4,104.96
452,96.7,104.4,104.96
453,94.7,103.2,102.67
454,96.35,103.86,101.96
455,102.26,106.92,104.39
456,104.22,107.35,104.84
457,102.6,106.27,102.62
458,97.59,101.16,98.33
459,95.78,99.1,97.73
460,96.3,99.57,98.41
461,95.84,99.49,102.16
462,104.79,107.02,104.03
463,102.73,104.65,98.19
464,98.53,100.69,101.73
465,99.5,102.77,111.07
466,108.43,111.63,106.34
467,105.76,114.81,113.4
468,109.78,116.26,114.22
469,111.76,117.98,113.21
470,109.57,115.09,110.03
471,107.62,113.12,106.51
472,104.27,110.05,106.48
473,106.19,111.74,106.62
474,110.65,114.65,111.79
475,109.56,113.12,116.29
476,117.59,119.81,114.99
477,115.31,118.51,116.33
478,118.93,121.17,118.67
479,120.93,122.27,115.63
480,120.67,122.01,118.94
481,121.51,123.07,118.83
482,122.11,123.58,116.52
483,119.41,120.57,115.6
484,118.5,119.51,115.66
485,118.87,119.72,112.12
486,116.87,117.61,108.99
487,115.26,116.29,112.7
488,114.67,122.84,116.41
489,115.07,119.43,112.36
490,114.09,117.4,108.93
491,110.33,114.03,109.19
492,109.77,113.56,107.94
493,110.29,113.42,109.47
494,113.23,112.55,108.07
495,112.21,112.04,105.52
496,109.59,109.11,109.79
497,112.4,111.93,110.88
498,110.49,111.55,106.65
499,106.13,107.45,102.81
500,105.71,107.51,102.94
501,99.76,102.46,103.13
502,103.09,105.94,107.99
503,109.77,112.39,107.82
504,108.26,110.9,106.66
505,107.81,110.14,104.7
506,104.69,109.34,105.37
507,105.36,107.59,102.83
508,102.02,105.32,103.05
509,101.7,104.99,99.57
510,98.54,102.32,99.72
511,102.07,106.65,105.04
512,103.79,108.33,106.17
513,102.75,106.8,105.56
514,102.56,107.25,108.69
515,108.21,113.16,108.11
516,106.95,111.7,105.88
517,104.25,108.78,102.44
518,100.6,104.64,98.14
519,94.29,98.48,97.64
520,98.26,102.78,98.14
521,96.03,100.58,97.41
522,96.23,101.07,103.79
523,101.96,106.64,105.34
524,103.28,107.53,101.84
525,99.27,104.39,101.61
526,100.28,107.91,107.71
527,107.82,113.45,108.38
528,104.24,110.23,108.58
529,105.96,112.48,110.67
530,112.34,119.03,115.6
531,114.83,121.6,111.8
532,111.76,115.48,111.19
533,112.12,115.62,109.81
534,104.7,107.93,106.62
535,102.98,106.64,100.86
536,95.04,98.02,102.52
537,96.44,99.91,99.78
538,103.01,106.9,109.88
539,109.33,112.67,110.49
540,106.01,109.33,115.33
541,108.7,111.14,127.86
542,123.7,127.98,122.99
543,119.4,123.21,125.19
544,115.68,118.11,108.84
545,107.67,110.46,116.65
546,110.6,112.93,110.05
547,103.41,104.97,98.71
548,95.72,100.99,96.86
549,91.59,97.93,95.84
550,92.81,99.08,98.64
551,92.1,96.84,93.65
552,92.35,96.84,96.01
553,91.07,93.54,90.3
554,91.76,92.97,91.9
555,93.66,94.81,92.6
556,92.07,93.28,93.05
557,95.46,96.48,92.72
558,93.1,94.44,90.25
559,89.88,91.41,90.6
560,89.66,91.55,89.39
561,89.36,90.78,90.42
562,91.32,92.69,90.91
563,92.31,93.27,90.22
564,90.27,91.11,87.46
565,88.15,91.21,88.39
566,86.82,90.03,87.58
567,86.61,89.34,87.8
568,87.35,89.96,86.77
569,85.6,88.2,84.86
570,83.31,86.27,86.71
571,85.14,87.89,85.14
572,85.14,87.89,85.14
573,86.9,88.38,86.35
574,86.96,88.44,86.37
575,85.43,87.51,86.58
576,83.82,86.06,83.75
577,82.12,84.47,82.96
578,82.64,84.67,82.19
579,81.22,83.72,79.97
580,78.23,80.87,80.36
581,78.9,81.75,80.55
582,79.46,81.99,78.83
583,77.85,80.8,78.4
584,76.99,80,77.51
585,76.08,78.98,76.88
586,75.21,77.78,77.12
587,76.99,79.32,77.24
588,76.56,79.23,76.91
589,75.98,78.94,76.47
590,75.57,78.6,74.37
591,73.79,76.14,74.37
592,73.79,76.85,73.54
593,72.76,75.29,72.56
594,71.12,73.98,70.56
595,68.23,71.52,70.11
596,70.86,73.52,73.36
597,72.38,75.02,73.37
598,70.87,73.88,72.01
599,70.73,73.7,73.39
600,71.29,74.39,74.11
601,71.67,75.15,72.73
602,70.94,74.42,74.48
603,72.36,75.82,73.83
604,72.05,75.44,73.22
605,69.49,73.08,70.12
606,66.26,69.88,70.79
607,66.5,69.67,69.13
608,65.57,68.87,71.13
609,66.18,70.57,71.88
610,69.95,73.44,75.17
611,68.15,72.72,77.38
612,78.39,82.22,81.44
613,78.39,82.25,81.86
614,78.5,82.31,78.47
615,76.75,79.7,78.42
616,76.1,78.89,80.89
617,79.01,80.24,78.66
618,78.36,80.28,81.01
619,80.76,82.43,81.96
620,80.88,82.05,80.89
621,80.79,82.17,81.57
622,81.59,82.87,81.83
623,81.34,82.64,83.97
624,84.15,84.78,82.24
625,81.93,83.43,81.99
626,78.81,80.54,81.89
627,80.86,81.99,81.89
628,83.91,84.72,83.31
629,84.05,84.71,81.99
630,83.57,84.38,82.57
631,82.81,84.32,81.91
632,82.66,84.58,83.46
633,84.65,86.4,83.94
634,83.76,85.99,84.37
635,83.76,85.53,82.57
636,82.5,84.61,83.12
637,83.87,85.82,82.56
638,82.96,85.08,83.03
639,82.44,84.33,83.89
640,82.28,84.86,82.99
641,81.31,84,82.28
642,80.44,83.18,81.43
643,80.64,83.42,82.07
644,80.52,83.65,82.03
645,79.35,82.39,81.23
646,78.3,81.95,77.41
647,77.43,81.08,80.55
648,78.93,82.56,79.57
649,77.62,81.26,77.17
650,75.88,79.28,75.68
651,75.03,78.52,75.92
652,74.83,78.64,75.7
653,75.29,79.09,77.34
654,75.45,79.53,76.17
655,73.98,78.09,74.77
656,73.3,77.25,74.11
657,72.23,76.19,73.3
658,70.49,74.36,72.9
659,70.29,73.92,72.13
660,71.97,75.34,73.06
661,72.61,75.67,73.09
662,72.61,75.46,72.26
663,70.46,73.6,72.29
664,70.45,73.51,71.73
665,69.72,72.92,70.85
666,68.14,71.45,70.65
667,69.3,72.6,69.78
668,68.35,71.69,70.35
669,69.29,72.22,69.99
670,69.29,72.61,71.26
671,69.99,73.03,69.74
672,68.59,71.59,70.43
673,68.5,72.99,71.19
674,69.21,73.41,71.13
675,68.74,72.7,70.76
676,67.42,71.07,70.11
677,68.36,72.25,69.69
678,67.54,71.05,68.7
679,65.64,68.75,66.09
680,62.32,65.18,65.37
681,63.69,66.45,65.35
682,65.46,68.23,68.58
683,66.59,69.03,68.45
684,67.29,69.51,68.9
685,68.44,70.59,70.03
686,69.09,71.31,70.52
687,69.25,71.44,69.77
688,68.29,70.63,68.91
689,66.48,69.04,70.72
690,68.28,70.7,70.72
691,69.09,71.29,68.8
692,68.15,70.38,71.37
693,70.56,72.41,71.88
694,71.26,72.89,73.28
695,73.95,76.33,73.9
696,73.62,76.05,73.68
697,72.39,74.74,72.82
698,71.65,74.48,73.02
699,71.91,74.5,71.59
700,72.07,74.1,72.25
701,71.91,73.79,71.43
702,70.3,72.23,68.67
703,67.42,69.35,71.68
704,66.42,68.62,71.68
705,71.81,73.59,72.18
706,71.65,73.47,72.23
707,73.13,74.76,74.72
708,74.1,75.16,73.54
709,74.56,75.55,73.03
710,72.94,74.12,70.63
711,72.2,73.43,73.29
712,73.37,74.53,75.88
713,75.16,77.16,74.68
714,75.16,76.17,74.09
715,75.23,75.84,73.85
716,73.47,75.13,72.87
717,72.98,74.76,72.85
718,72.91,74.68,73.88
719,74.05,76.18,73.46
720,73.3,75.56,73.73
721,73.08,75.19,73.43
722,73.06,74.81,72.52
723,73.66,74.9,71.79
724,71.64,73.51,70.98
725,71.04,73.08,72.35
726,72.15,74.39,72.78
727,72.12,73.99,71.79
728,70.88,72.86,72.01
729,70.91,72.69,71.18
730,70.29,72.52,70.71
731,70.05,72.22,69.34
732,69.23,71.49,70.03
733,69.92,71.89,70.1
734,68.81,71.31,69.97
735,68.83,71.35,69.21
736,67.72,70.25,69.1
737,66.32,69.32,67.94
738,66.32,69.63,67.41
739,66.85,69.46,66.41
740,66.21,68.87,67.37
741,66.07,68.65,67.37
742,66.05,68.46,66.26
743,63.58,66.44,63.25
744,62.05,65.11,65.03
745,63.36,66.66,66.11
746,65.49,68.71,68.41
747,66.27,69.46,67.17
748,65.37,68.71,65.26
749,63.82,67.05,66.56
750,66.08,69.32,66.56
751,65.28,68.55,65.54
752,64.92,68.32,66.74
753,64.9,68.28,65.9
754,64.71,68.09,67.17
755,65.63,68.96,67.76
756,64.49,67.56,64.38
757,63.58,67.25,65.27
758,65.01,68.56,65.1
759,63.86,67.27,63.57
760,62.94,66.42,63.27
761,61.91,65.65,62.37
762,62.14,66.11,62.93
763,61.43,65.4,62.25
764,61.35,65.32,63.71
765,62.44,66.57,65.74
766,63.38,67.05,64.83
767,63.13,66.77,65.12
768,63.46,66.94,64.17
769,63.15,66.58,62.56
770,60.18,63.67,61.58
771,59.7,63.28,61.1
772,59.32,62.95,60.94
773,59.6,63.2,61.24
774,59.77,63.16,60.88
775,59.33,62.74,61.34
776,58.65,62.15,61.91
777,61.45,64.86,61.51
778,59.16,63.54,63.36
779,60.55,64.14,63.9
780,61.56,64.98,63.11
781,60.97,64.57,62.07
782,58.56,61.95,62.43
783,61.18,64.41,60.98
784,57.76,60.79,63
785,61.55,64.62,63.18
786,61.42,64.53,62.2
787,60,63.28,65.29
788,64.6,68,66.57
789,64.8,68.39,66.46
790,65.39,68.88,68.25
791,65.61,69.22,67.9
792,66.02,69.63,66.82
793,64.44,67.9,65.3
794,64.01,67.52,66.4
795,65.05,68.24,68.32
796,66.09,69.36,66.37
797,63.83,66.74,63.11
798,61.28,64.07,61.44
799,59.75,62.7,61.41
800,60.64,63.69,64.23
801,61.5,64.42,64.29
802,63.53,66.88,65.39
803,63.22,67.04,62.89
804,61.67,65.37,63.54
805,61.49,65.24,61.28
806,59.24,62.91,60.83
807,60.52,63.93,63.26
808,61.14,64.34,62.8
809,60.05,63.35,62.3
810,59.47,63.3,62.48
811,59.47,62.43,60.54
812,58.24,61.14,60.54
813,58.68,61.47,60.39
814,58.36,61.09,60.49
815,57.97,50.56,59.8
816,56.85,59.34,58.94
817,56.23,58.84,58.36
818,55.69,58.46,57.64
819,54.76,57.46,56.77
820,53.55,56.35,55
821,52.2,55.88,54.65
822,52.34,55.53,54.77
823,52.85,55.81,55.74
824,52.61,55.91,55.32
825,52.77,55.88,55.41
826,52.27,55.41,55.2
827,53.13,56.1,55.49
828,53.24,56.08,56.24
829,52.98,55.9,55.19
830,52.36,54.75,54.19
831,52.36,55.1,55.39
832,53.57,56.42,55.7
833,52.91,56.06,56.44
834,53.21,56.58,55.71
835,52.25,55.66,55.33
836,52.24,55.99,54.58
837,50.83,54.38,54.52
838,50.63,54.3,53.51
839,49.93,53.6,50.5
840,47.62,51.09,52.49
841,48.52,51.8,51.14
842,48.4,51.34,51.05
843,48,51.09,50.97
844,47.62,50.89,51.07
845,48.23,51.29,51.28
846,48.12,51.2,49.61
847,47.02,50.08,49.75
848,47.74,50.91,50.26
849,49.1,52.26,51.11
850,48.36,51.5,51.46
851,47.82,51.08,50.85
852,47.62,50.76,50.17
853,46.99,50.29,50.65
854,46.57,49.97,50.47
855,46.78,50.25,49.03
856,45.52,48.86,49.14
857,45.6,48.84,48.3
858,45.76,48.79,48.29
859,46.26,49.25,49.04
860,45.64,48.71,48.06
861,45.28,48.25,47.08
862,44.55,47.42,47.59
863,45.34,47.59,47.02
864,45.53,48.18,47.13
865,45.71,47.8,47.49
866,45.71,48.61,47.87
867,44.91,47.86,45.86
868,43.06,46.06,45.61
869,42.15,44.96,44.19
870,41.74,44.2,44
871,41.82,44.34,43.78
872,41.43,43.75,43.87
873,41.34,43.82,43.74
874,40.13,42.78,43.15
875,41.12,43.53,43.95
876,41.45,43.8,44.44
877,41.36,43.61,42.49
878,40.29,42.4,40.34
879,37.14,39.45,40.57
880,38.79,40.93,40.69
881,39.15,41.23,39.76
882,37.66,39.71,39.52
883,36.81,38.98,36.3
884,35.79,37.46,37.18
885,36.17,37.65,38.26
886,37.39,39.12,39.27
887,39.57,41.2,39.9
888,38.56,40.46,39.84
889,39.85,41.77,41.67
890,40.64,42.46,41.36
891,40.03,41.73,41.71
892,41.46,43.16,41.58
893,40.83,42.62,41.77
894,40.88,42.93,41.88
895,40.96,43.16,42.01
896,41.04,43.32,41.62
897,40.2,42.45,41.19
898,39.43,41.72,41.28
899,40.6,42.85,42.06
900,41.19,43.34,41.46
901,39.95,41.99,41.24
902,40.67,42.65,40.55
903,39.22,41.29,39.27
904,37.05,39.27,38.62
905,38.72,40.93,41.12
906,40.22,40.95,40.36
907,39.29,41.03,41.87
908,40.6,42.43,41.41
909,40.25,41.92,41.98
910,40.31,41.94,41.21
911,39.93,41.77,41.38
912,39.6,41.72,41.14
913,39.31,41.44,41.63
914,41.11,43.15,43.02
915,40.97,43.3,41.67
916,40.16,42.22,41.21
917,38.28,40.53,39.24
918,37.26,39.61,38.89
919,37.33,39.83,39.27
920,37.3,40.06,39.74
921,38.05,40.79,39.49
922,36.76,39.78,40.68
923,39.77,42.01,41.42
924,39.77,42.66,43.78
925,41.37,44.07,43.43
926,41.51,44.43,45.3
927,42.76,45.58,45.11
928,42.61,45.28,45.93
929,42.97,45.05,44.12
930,43.04,45.09,45.01
931,43.39,45.64,44.83
932,43.35,45.86,44.34
933,42.62,45.13,43.78
934,45.58,44.35,43.96
935,42.58,44.9,43.89
936,42.93,45.37,43.8
937,42.89,45.46,44.46
938,42.89,45.37,43.67
939,42.01,44.8,43.44
940,42.24,44.96,44.18
941,42.67,45.43,43.63
942,41.61,44.5,44.12
943,41.94,44.99,43.88
944,41.22,44.4,43.88
945,41.95,45.09,43.71
946,42.19,45.17,43.76
947,41.7,44.43,42.97
948,41.01,44.15,42.48
949,40.27,43.3,43.14
950,39.92,42.94,43.14
951,41.27,43.75,43.27
952,41.04,43.22,43.12
953,41.6,43.41,43.13
954,41.29,43.34,43.11
955,41.07,43.31,44.42
956,41.9,44.29,44.12
957,41.96,44.32,43.87
958,40.81,43.28,42.72
959,40.59,43.14,42.86
960,40.75,43.37,43.37
961,41.2,43.79,44.18
962,40.29,42.9,42.78
963,40.1,42.72,43.38
964,40.55,43.24,43.63
965,39.62,42.35,43.63
966,40.9,43.29,43.34
967,40.62,43.08,42.9
968,40.63,43.1,43.66
969,40.65,42.8,42.68
970,40.65,43.14,42.85
971,39.82,42.03,42.7
972,39.27,41.15,42.07
973,39.7,41.71,40.63
974,38.49,41.02,42.02
975,38.72,41.05,40.58
976,38.01,40.31,42.49
977,40.37,42.63,43.39
978,40.46,43.08,42.32
979,39.75,42.19,42.95
980,38.84,41.51,41.09
981,37.96,40.71,41.46
982,38.38,40.96,40.29
983,37.12,39.72,38.35
984,36.26,38.73,38.42
985,36.34,38.55,40.6
986,39.6,41.73,40.91
987,39.94,41.18,40.85
988,38.19,40.8,42.94
989,39.55,42.3,40.63
990,37.41,39.99,38.82
991,37.29,39.79,39.87
992,36.81,39.57,38.93
993,35.44,38.32,37.97
994,35.49,35.33,34.86
995,33.71,35.29,33.17
996,32.81,34.74,34.48
997,34.35,36.17,34.81
998,33.25,35.53,32.62
999,33.25,35.13,32.62
1000,33.92,36.06,34.1
1001,33.49,35.75,32.95
1002,32.5,34.65,33.18
1003,31.82,34.81,32.9
1004,29.43,32.5,31.94
1005,27.56,31.13,29.83
1006,25.29,29.19,26.84
1007,25.78,29.98,26.93
1008,24.14,29.63,26.72
1009,24.74,30.97,25.92
1010,23.55,29.46,26.88
1011,23.99,29.72,26.88
1012,24.56,30.97,26
1013,20.39,27.2,24.33
1014,19.78,26.44,20.73
1015,18.84,26.48,20.73
1016,15.06,22.54,17.12
1017,12.34,20.46,16.63
1018,12.78,19.99,17.97
1019,16.94,21.44,18.17
1020,16.5,21.33,18.13
1021,13.78,20.37,13.52
1022,10.01,19.33,17.37
1023,-37.63,25.57,20.78
1024,18.27,28.08,20.61
1025,19.87,27.82,19.72
1026,19.87,27.69,19.68
1027,20.11,29.6,21.66
1028,22.41,31.74,22.31
1029,22.76,31.48,23.32
1030,25.09,32.84,23.52
1031,23.63,31.87,24.88
1032,26.08,33.05,24.87
1033,28.34,34.11,24.51
1034,25.32,29.94,21.55
1035,20.31,24.74,21.23
1036,20.48,22.74,23.43
1037,20.09,22.76,23.24
1038,21.51,24.93,25.04
1039,22.6,26.34,25.74
1040,24.49,27.39,27.05
1041,24.01,27.15,26.64
1042,23.36,27.03,24.6
1043,22.43,26.98,28.67
1044,25.22,28.47,25.82
1045,20.37,24.88,28.26
1046,28.7,30.05,31.49
1047,31.73,33.85,32.69
1048,31.5,33.22,32.69
1049,32.98,35.79,34.58
1050,34.36,37.22,34.18
1051,31.13,34.36,32.87
1052,41.28,45.27,48.58
1053,45.9,49.99,50.78
1054,46.78,51.13,50.81
1055,47.18,51.86,51.72
1056,46.75,51.9,50.58
1057,44.76,50.52,49.05
1058,47.09,52.18,50.62
1059,48.73,53.43,52.28
1060,49.9,54.95,54.48
1061,51.43,56.3,54.64
1062,53.38,58.5,56.41
1063,53.78,59.31,56.92
1064,53.29,59.12,56.39
1065,52.05,57.75,55.11
1066,52.05,57.67,55.98
1067,52.05,57.32,55.23
1068,51.42,56.34,54.54
1069,51.17,55.79,54.23
1070,49.94,54.01,53.03
1071,49.57,53.27,53.33
1072,50.32,54.47,54.37
1073,50.95,54.93,55.18
1074,50.75,55.28,53.57
1075,49.61,53.96,53.99
1076,50.11,54.45,55.23
1077,51.56,58.16,58.45
1078,52.14,58.29,57.76
1079,53.33,59.81,59.37
1080,53.48,59.51,58.57
1081,53.14,59.32,62.23
1082,54.19,60.69,62.23
1083,55.59,62.04,62.77
1084,56.74,63.21,64.26
1085,58.34,64.59,64.27
1086,58.54,65.2,65.24
1087,58.54,64.85,65.1
1088,58.52,64.64,64.74
1089,57.81,64,64.61
1090,58.23,64.49,64.78
1091,58.08,64.2,65.68
1092,59.04,64.98,65.93
1093,59.56,65.37,66.17
1094,59.61,65.44,69.24
1095,62.7,68.27,68.34
1096,63.27,68.91,69.65
1097,63.05,68.6,67.79
1098,61.18,66.25,65.69
1099,61.06,66,67.27
1100,61.68,68.44,67.81
1101,61.72,68.16,67.88
1102,61.68,67.92,67.48
1103,61.11,67.2,66.77
1104,60.52,66.39,66.21
1105,60.44,66.14,66.87
1106,61.22,66.54,66.48
1107,60.93,66.17,66.14
1108,60.94,66.1,65.62
1109,60.21,65.34,65.54
1110,60.07,65.22,64.92
1111,59.18,64.2,64.01
1112,58.76,63.72,63.78
1113,59.24,64.36,63.84
1114,59.02,64.25,63.74
1115,59.2,64.39,63.02
1116,58.43,63.39,62.73
1117,58.43,63,61.11
1118,56.1,60.82,60.98
1119,55.96,60.92,60.83
1120,55.17,62.43,63.83
1121,58.11,63.87,63.33
1122,58.11,64.06,63.69
1123,58.41,64.27,63.1
1124,58.01,63.65,63.43
1125,57.77,63.39,63.74
1126,58.58,63.97,62.13
1127,57.11,62.4,60.45
1128,55.21,60.91,61.86
1129,57.05,62.44,62.84
1130,57.72,63.3,61.93
1131,56.77,62.28,62.47
1132,57.12,62.37,61.48
1133,56.8,62.06,62.16
1134,56.86,62.18,61.15
1135,57.24,62.51,60.88
1136,57.15,62.29,61.13
1137,56.35,61.74,61.49
1138,57.23,62.96,61.34
1139,56.54,62.13,60.74
1140,56.2,61.69,58.72
1141,54.18,60.23,61.1
1142,55.06,60.61,61.32
1143,55.54,61.59,61
1144,55.81,61.57,61.46
1145,56.66,62.02,61.46
1146,56.23,61.67,61.04
1147,55.97,61.17,59.67
1148,54.16,59.7,58.95
1149,53.31,58.96,59.38
1150,53.78,59.42,59.7
1151,53.93,59.91,59.23
1152,53.36,59.42,58.8
1153,52.81,58.74,59.42
1154,53.59,59.35,60.03
1155,54.7,60.51,60.44
1156,53.55,59.1,57.77
1157,52.59,58.32,57.72
1158,52.63,58.24,58.03
1159,52.75,58.35,58.24
1160,52.81,58.37,57.84
1161,52.45,57.71,57.44
1162,52.64,57.69,58.67
1163,53.62,58.89,59.22
1164,54.07,60.78,60.94
1165,55.91,61.91,62.07
1166,56.41,62.74,61.73
1167,56.49,62.39,61.57
1168,57.29,63.1,63.46
1169,58.64,64.77,63.59
1170,58.09,64.28,64.28
1171,58.13,54.4,63.23
1172,58.11,63.6,63.3
1173,59.34,64.55,67.53
1174,62.9,69.02,63.88
1175,54.85,60.22,58.36
1176,55.09,60.38,59.32
1177,55.75,60.89,60.81
1178,57.4,62.38,60.89
1179,57.85,62.59,60.12
1180,56.52,61.54,59.23
1181,56.3,60.95,58.53
1182,56.26,60.7,56.72
1183,53.94,58.26,56.48
1184,55.1,58.66,57.62
1185,55.1,60.43,59.62
1186,56.71,61.08,59.32
1187,55.78,60.49,58.99
1188,54.93,59.51,58.07
1189,53.64,58.7,58.59
1190,54.17,59.34,59.43
1191,55.35,59.92,60.29
1192,55.68,60.3,60.09
1193,56.34,60.03,59.24
1194,56.21,59.74,58.4
1195,54.87,58.64,58.2
1196,54.47,58.23,58.33
1197,55.23,59.48,59.66
1198,57.1,61.3,57.76
1199,54.93,58.57,56.83
1200,54.5,58.53,56.83
1201,52.54,57.38,56.83
1202,51.09,56.23,57.89
1203,53.63,58.94,58.75
1204,54.69,59.81,59.68
1205,55.66,61.89,60.33
1206,53.95,60.5,63.05
1207,58.58,65.17,64.57
1208,58.05,64.72,63.63
1209,56.87,63.71,62.53
1210,56.2,63.46,62.83
1211,56.02,63.39,63.03
1212,55.88,63.18,63.21
1213,56.77,63.83,62.11
1214,56.22,63.26,62.74
1215,55.63,62.47,61.55
1216,55.3,61.93,62.14
1217,56.78,63.66,63.23
1218,57.62,64.35,64.58
1219,59.58,66.48,65.22
1220,60.21,66.72,65.88
1221,60.2,66.52,65.95
1222,60.43,67.01,63.9
1223,57.83,64.16,62.63
1224,57.66,64.11,63.32
1225,57.51,64.23,61.62
1226,57.34,63.3,61.75
1227,57.34,63.82,60.62
1228,56.25,62.4,63.43
1229,59.09,65.06,64.92
1230,58.47,66.55,64.88
1231,59.43,66.55,64.42
1232,59.38,66.49,64.29
1233,57.83,65.05,63.38
1234,57.9,64.86,64.02
1235,57.43,65.2,64.22
1236,56.65,64.45,62.61
1237,53.76,61.82,61.22
1238,53.9,62.14,59.92
1239,51.93,60.94,60.74
1240,52.51,62.01,59.9
1241,52.28,61.31,60.28
1242,51.14,59.97,59.9
1243,53.27,62.29,61.28
1244,53.26,62.29,61.92
1245,53.99,63.29,61.2
1246,52.59,61.67,59.37
1247,51.68,60.63,60.03
1248,53.48,61.97,60.03
1249,53.25,61.28,60.17
1250,53.5,64.49,63.83
1251,56.59,66.87,67.12
1252,58.81,69.45,67.13
1253,59.14,70.11,68.31
1254,58.63,70.11,66.88
1255,58.63,68.69,66.73
1256,57.91,67.76,69.22
1257,61.42,70.99,71.23
1258,62.99,72.18,71.64
1259,63.1,71.97,72.46
1260,62.76,72.21,72.46
1261,62.87,72.62,72.04
1262,62.02,71.77,70.46
1263,61.78,71.24,69.7
1264,61.04,70.23,70.97
1265,61.66,70.62,70.1
1266,61.7,70.39,69.09
1267,62.12,70.37,69.28
1268,61.4,69.88,70.29
1269,62.25,71.24,69.22
1270,61.94,70.85,69.93
1271,61.81,70.75,71.43
1272,63.6,72.18,71.63
1273,63.91,72.8,71.63
1274,63.5,72.04,71.09
1275,63.3,72.15,73.45
1276,65.21,74.35,74.46
1277,65.89,74.57,73.67
1278,66.3,74.51,73.77
1279,65.7,74.04,73.36
1280,64,71.97,71.07
1281,63.76,71.62,71.33
1282,64.05,71.72,70.21
1283,63.4,71.18,70.32
1284,63.89,71.55,70.1
1285,63.58,70.83,70.52
1286,64.61,71.73,70.08
1287,63.98,70.61,70.53
1288,64.4,71.1,70.29
1289,63.08,70.34,68.82
1290,62.1,69.4,68.67
1291,62.46,69.31,69.43
1292,62.58,69.37,68.81
1293,61.59,69.01,68.23
1294,60.14,68.39,67.23
1295,59.3,67.82,66.56
1296,59.41,67.83,67.37
1297,59.94,67.97,67.17
1298,58.82,67.21,66.34
1299,59.04,67.03,67.46
1300,59.98,67.86,68.23
1301,59.83,68.5,67.67
1302,59.03,67.61,67.63
1303,59.09,67.54,67.32
1304,58.52,67.16,67.71
1305,58.61,67.23,68.17
1306,58.26,67.55,67.22
1307,56.87,66.67,67.15
1308,56.79,66.58,66.81
1309,56.07,65.74,65.77
1310,56.66,66.3,66.47
1311,56.22,65.99,65.85
1312,56.56,65.86,65.73
1313,56.59,65.67,65.36
1314,55.8,65.07,66.56
1315,57.22,66.03,65.98
1316,56.94,66.39,65.3
1317,55.5,65.21,64.56
1318,55.48,64.76,66.84
1319,57.26,67.12,67.22
1320,56.96,67.07,67.12
1321,56.92,67.08,66.38
1322,56.09,66.45,66.48
1323,55.59,66.5,66.73
1324,55.59,66.25,65.12
1325,54.41,64.57,65.32
1326,53.9,63.61,63.34
1327,53.1,62.42,62.23
1328,52.41,61.51,62.02
1329,52.72,62.1,61.62
1330,52.64,61.63,62.51
1331,54.01,62.69,62.93
1332,53.66,61.98,62.93
1333,54.56,62.51,62.93
1334,55.26,62.75,60.87
1335,53.79,61.89,61.82
1336,54.23,61.65,60.93
1337,53.31,61.32,59.44
1338,51.99,59.93,60.32
1339,53.69,61.64,61.16
1340,53.13,61.09,60.41
1341,52.62,61.14,61.23
1342,52.57,61.5,61.43
1343,53.8,62.7,61.12
1344,52.07,61.18,60.03
1345,52.31,61.32,60.15
1346,52.11,60.64,58.63
1347,50.51,58.99,58.92
1348,51.59,60.48,61.16
1349,52.59,61.68,59.6
1350,52.36,61.44,58.07
1351,49.78,58.72,56.18
1352,48.52,57.33,56.79
1353,47.96,57.06,55.59
1354,47.09,55.95,53.2
1355,46.54,54.91,51.86
1356,45.41,53.8,52.86
1357,45.33,52.2,52.86
1358,44.61,52.16,53.07
1359,46.22,54.47,49.52
1360,42.53,50.47,53.51
1361,45.59,53.82,53.51
1362,45.88,54.35,54.47
1363,47.2,57.24,55.05
1364,46.24,56.26,57.21
1365,49.88,59.61,58.92
1366,51.2,60.28,59.67
1367,52.58,61.45,58.81
1368,51.15,60.15,59.23
1369,51.65,60.2,58.37
1370,51,59.97,60.22
1371,52.61,61.67,58.39
1372,51.49,60.06,59.85
1373,52.89,61.56,59.81
1374,53.25,62.08,61.54
1375,52.95,61.69,61.19
1376,50.93,58.71,59.02
1377,51.45,59.51,58.3
1378,50.29,58.76,60.18
1379,51.56,60.21,59.07
1380,51.63,60.48,59.13
1381,50.42,58.8,61.08
1382,54.63,62.6,62.44
1383,54.63,63.48,62.65
1384,53.43,62.53,65.51
1385,56.76,66.76,66.17
1386,56.46,66.76,66.49
1387,56.46,66.62,65.39
1388,56.25,66.12,64.46
1389,55.69,65.47,68.48
1390,59.93,70.12,70.59
1391,60.19,70.18,69.36
1392,60.67,70.65,71.54
1393,61.67,72.07,70.64
1394,62.21,72.13,71.2
1395,63.1,73.17,71.2
1396,63.14,72.83,71.67
1397,63.69,72.89,73.38
1398,65.31,75.47,75.66
1399,66.18,75.91,76.18
1400,67.04,77.34,76.01
1401,67.59,77.62,75.42
1402,67.33,76.89,74.96
1403,66.82,76.17,74.42
1404,66.43,76.44,77.83
1405,69.17,79.83,78.78
1406,69.12,79.78,77.88
1407,68.65,79.29,78.43
1408,69.75,80.05,80.23
1409,71.92,81.41,78.83
1410,71.78,80.78,79.3
1411,71.34,80.43,79.36
1412,70.97,80.26,80.66
1413,73.17,83.09,83.04
1414,74.96,85,82.8
1415,74.29,83.91,81.61
1416,74.34,84.16,83.2
1417,74.33,84.58,84.44
1418,76.41,86.29,83.29
1419,75.23,84.8,82.88
1420,75.3,84.98,80.83
1421,73.25,82.72,80.03
1422,72.12,81.72,80.36
1423,71.57,81.34,80.04
1424,72.28,81.87,79.69
1425,72.08,81.2,78.45
1426,70.78,78.8,77.35
1427,70.8,78.7,77.53
1428,71.12,79.4,77.02
1429,69.85,79.03,75.85
1430,68.91,78.05,76.43
1431,68.99,78.09,76.31
1432,68.59,78.18,77.2
1433,70.37,79.74,77.45
1434,69.25,79.06,76.22
1435,67.54,77.37,75.83
1436,67.75,76.83,74.73
1437,67.77,76.5,75.31
1438,68.72,77.27,75.83
1439,69.87,78.17,76.88
1440,69.8,78.15,76.18
1441,69.8,77.42,75.85
1442,70.25,77.77,75.76
1443,69.51,77.14,74.34
1444,68.53,75.95,75.02
1445,68.87,76.21,74.41
1446,68.72,75.82,74
1447,67.83,74.73,73.14
1448,67.86,74.78,71.11
1449,67.35,72.63,71.11
1450,66.43,72.21,70.81
1451,65.91,71.83,70.38
1452,65.46,71.43,69.6
1453,65.01,70.76,70.66
1454,67.04,72.46,71.79
1455,67.2,72.61,71.25
1456,67.63,72.81,70.55
1457,66.81,72.07,73.28
1458,66.94,72.28,73.28
1459,69.17,74.65,72.65
1460,69.01,73.75,72.11
1461,68.49,73.21,71.93
1462,68.96,73.45,71.14
1463,67.66,72.39,72.42
1464,68.76,74.25,73.69
1465,70.13,74.97,73.38
1466,68.69,74.29,73.42
1467,69.61,74.54,73.41
1468,69.3,73.93,72.49
1469,68.52,73.44,71.59
1470,67.89,73.06,71.5
1471,70.46,73.07,71.52
1472,69.46,72.58,70.41
1473,68.76,72.9,69.68
1474,68.08,72.16,70.36
1475,68.06,71.84,72.95
1476,71.01,75.33,71.65
1477,70.33,74.45,72.56
1478,70.38,73.4,74.75
1479,74.11,78.86,76
1480,73.85,78.07,74.67
1481,73.8,77.11,74.18
1482,72.94,77.39,74.92
1483,74.14,78.24,75.07
1484,74.14,77.76,74.77
1485,73.94,77.3,75.57
1486,74.15,79.44,75.86
1487,73.45,77.85,75.19
1488,72.76,77.62,74.36
1489,70.53,76.31,73.03
1490,68.08,74.73,72.81
1491,68.58,75.55,71.77
1492,65.54,73.05,71.25
1493,66.22,74.74,72.65
1494,65.07,75.08,72.07
1495,65.85,75.34,70.97
1496,65.06,73.44,74.31
1497,66.89,75.94,74.31
1498,66.64,76.74,73.48
1499,66.36,75.88,74.75
1500,66.1,76.46,74.36
1501,65.74,76.46,74.87
1502,65.95,77.32,73.58
1503,64.73,75.36,73.75
1504,65.52,75.38,73.61
1505,64.75,75.29,74.4
1506,65.81,76.79,75.11
1507,67.04,77.59,75.45
1508,68.21,77.5,73.53
1509,66.73,75.39,73.24
1510,67.88,75.3,73.24
1511,67.88,76.44,75.78
1512,70.71,78.79,77.03
1513,71.84,79.8,76.65
1514,72.13,79.57,77.28
1515,72.24,79.22,76.43
1516,71.28,78.51,77.06
1517,71.49,79.3,76.67
1518,71.49,79.28,75.1
1519,71.31,78.43,75.3
1520,70.96,78.23,73.77
1521,70.7,77.12,74.46
1522,71.36,77.47,74.73
1523,71.14,77.21,73.93
1524,69.06,74.85,72.48
1525,70.73,76.17,72.46
1526,69.72,74.87,70.47
1527,68.43,73.62,70.54
1528,67.93,73.36,70.25
1529,67.25,73.13,70.05
1530,67.25,75.17,70.05
1531,68.1,74.64,70.88
1532,68.19,74.74,70.63
1533,68.05,74,70.36
1534,67.7,73.86,71.24
1535,68.64,74.71,70.29
1536,68.38,74.06,70.42
1537,68.29,73.78,70.75
1538,68.47,73.48,68.81
1539,66.52,71.58,68.23
1540,66.22,71.42,68.18
1541,67.39,72.58,69.04
1542,67.07,72.02,68.63
1543,66.82,72.06,67.58
1544,65.51,71.04,66.51
1545,63.42,68.65,64.7
1546,62.06,67.11,65.37
1547,63.54,68.33,65.38
1548,63.37,68.02,64.7
1549,63.51,68.12,65.16
1550,63.01,67.64,66.79
1551,64.94,70.27,65.33
1552,64.38,69.53,65.24
1553,65.25,70.11,65.83
1554,65.55,70.12,65.97
1555,65.88,70.45,65.33
1556,64.3,68.91,65.44
1557,65.17,69.47,63.89
1558,63.4,67.42,62.98
1559,62.06,66.05,62.48
1560,62.34,66.21,61.74
1561,61.19,65.12,61.45
1562,60.96,64.89,61.23
1563,60.71,64.64,61.25
1564,61.36,64.95,61.71
1565,62.04,65.49,60.28
1566,60.12,63.61,60.8
1567,61.15,64.34,61.61
1568,62.6,65.79,62.04
1569,62.57,65.54,61.32
1570,61.25,64.37,60.28
1571,60.99,63.83,61.42
1572,61.64,64.78,63.22
1573,63.01,66.63,64.02
1574,63.91,67.5,63.9
1575,63.55,67.31,62.77
1576,62.77,66.39,61.6
1577,61.68,65.42,61.3
1578,61.9,65.25,62.05
1579,59.19,62.72,59.84
1580,59.19,62.72,59.84
1581,59.19,62.72,59.84
1582,59.29,62.59,60.29
1583,59.2,62.79,61.12
1584,61.15,64.81,62.26
1585,61.79,65.51,64.05
1586,63.39,66.86,64.25
1587,64.15,67.62,65.07
1588,65.45,68.58,67.02
1589,65.8,69.65,66.12
1590,64.73,69.05,65.77
1591,64.5,69.02,66.38
1592,65.56,69.46,67.55
1593,66.14,70.52,67.4
1594,65.51,70.42,67.98
1595,65.61,70.53,66.86
1596,64.47,69.96,66.49
1597,63.49,69.03,66.09
1598,63.37,68.61,65.95
1599,63.95,69.31,66.42
1600,63.97,69.38,66.27
1601,63.73,69.15,67.09
1602,64.3,69.87,66.29
1603,63.8,69.26,66.5
1604,63.57,69.2,66.59
1605,62.96,68.82,65.51
1606,61.73,67.78,65.04
1607,61.44,67.62,65.33
1608,62.01,68.07,65.35
1609,61.63,67.84,64.15
1610,60.37,66.57,64.37
1611,60.42,66.87,64.33
1612,59.84,66.72,63.85
1613,59.64,66.44,63.94
1614,59.97,67.02,62.61
1615,58.47,65.25,62.37
1616,58.36,64.9,62.17
1617,58.09,64.56,61.6
1618,57.46,63.8,61.4
1619,57.16,63.41,61.28
1620,57.3,63.23,61.18
1621,57.04,63.31,60.23
1622,56.6,62.44,61.33
1623,57.14,63.34,62.52
1624,57.99,64.69,60.96
1625,57.36,63.4,60.26
1626,56.69,62.2,59.43
1627,55.96,61.22,60.72
1628,57.62,62.86,60.22
1629,57.47,62.45,60.99
1630,58.36,63.73,60.8
1631,57.4,63.57,60.82
1632,57.3,63.11,60.97
1633,57.99,63.61,61.25
1634,58.11,63.84,61.5
1635,58.95,63.86,61.62
1636,58.02,63.55,61.13
1637,58.02,63.32,61.12
1638,56.83,62.57,60.48
1639,56.09,62.22,60.68
1640,56.55,62.72,59.66
1641,55.14,61.36,60.29
1642,55.33,61.87,60.04
1643,55.7,62.21,61.25
1644,56.76,63.16,61.63
1645,56.74,63.52,62.06
1646,57.17,63.93,61.61
1647,56.81,63.49,61.8
1648,57.2,63.69,62.39
1649,57.35,64.27,60.58
1650,55.64,62.07,58.93
1651,54.54,60.62,58.58
1652,54.3,60.49,59.61
1653,54.38,61.37,58.32
1654,54.15,60.9,58.33
1655,53.9,60.44,57
1656,52.64,59.3,56.21
1657,52.18,58.44,56.2
1658,52.47,58.33,55.28
1659,51.9,57.37,55.85
1660,51.47,57.75,55.13
1661,51.29,57.23,55.51
1662,52.04,58.15,56.33
1663,51.88,57.88,56.33
1664,51.87,57.82,55.98
1665,51.45,57.17,55.4
1666,50.6,56.25,54.97
1667,51.3,56.94,54.78
1668,50.92,56.61,54.08
1669,49.58,55.79,53.76
1670,49.29,55.62,55.27
1671,50.79,57,54.35
1672,49.98,55.8,53.92
1673,50.42,56,54.45
1674,50.58,56.12,55.16
1675,51.67,57.54,55.19
1676,51.56,57.41,55.55
1677,52.14,57.9,55.65
1678,51.88,58.44,56.15
1679,52.22,59.02,54.83
1680,50.66,56.86,54.66
1681,50.55,56.43,54.65
1682,50.41,56.29,53.93
1683,49.48,55.14,54.07
1684,49.91,55.48,54.19
1685,49.89,55.62,53.64
1686,49.89,55.47,53.57
1687,49.3,55.16,52.87
1688,48.23,54.27,52.17
1689,48.07,53.84,52.14
1690,47.48,53.78,53.18
1691,49.09,54.49,52.99
1692,49.16,54.2,52.14
1693,48.66,53.38,51.02
1694,47.29,52.34,50.6
1695,47.29,52.75,49.26
1696,47.23,52.38,49.26
1697,45.96,50.86,49.93
1698,46.44,52,50.1
1699,46.57,51.89,50.55
1700,47.87,52.41,50.56
1701,47.43,52.04,50.55
1702,48.41,52.57,49.93
1703,47.64,51.87,49.97
1704,47.37,51.66,50.72
1705,48.51,52.72,49.26
1706,47.09,51.03,48.65
1707,46.78,50.27,49.53
1708,47.55,50.8,49.26
1709,47.59,50.73,50.36
1710,48.82,52.1,49.86
1711,48.59,51.9,51.62
1712,49.56,52.7,51.24
1713,49.17,52.14,51.24
1714,49.39,52.37,50.8
1715,49.58,52.42,50.36
1716,49.03,52.01,50.83
1717,49.59,52.36,50.29
1718,49.16,51.78,51.22
1719,50.17,52.65,50.38
1720,49.71,52.52,49.72
1721,49.04,51.49,49.35
1722,48.75,50.97,49.05
1723,47.89,50.2,47.3
1724,46.34,48.6,46.51
1725,45.77,48.06,48.17
1726,46.79,49.3,48.33
1727,47.12,49.7,47.41
1728,46.4,48.84,47.2
1729,46.02,48.42,47.65
1730,46.54,48.91,46.99
1731,46.08,48.42,46.1
1732,45.49,47.74,46.82
1733,45.04,47.52,45.27
1734,44.4,46.88,45.24
1735,44.23,46.71,46.05
1736,45.52,48.11,47.07
1737,45.13,47.79,48.34
1738,47.07,49.61,48.43
1739,47.07,49.68,47.62
1740,46.04,47.92,46.47
1741,44.93,47.42,46.36
1742,44.74,47.31,45.3
1743,44.24,46.65,45.03
1744,43.38,45.83,44.17
1745,43.01,45.54,44.17
1746,42.74,45.22,43.5
1747,42.53,44.82,44.32
1748,43.23,46.02,45.62
1749,44.2,46.91,45.68
1750,44.74,47.37,45.88
1751,44.46,46.92,45.37
1752,44.73,47,46.84
1753,46.46,48.72,47.3
1754,46.08,48.29,47.02
1755,45.83,48.15,46.46
1756,45.64,47.86,47.07
1757,45.72,48.06,48.42
1758,48.19,50.12,47.89
1759,47.4,49.47,48.34
1760,47.66,49.95,48.34
1761,48.36,50.63,50.16
1762,48.32,50.31,50.09
1763,49.66,51.84,50.48
1764,49.8,52.15,50.42
1765,48.9,51.46,52.78
1766,51.36,53.96,53.1
1767,51.47,54.15,52.31
1768,50.73,53.87,52.79
1769,50.33,53.61,51.96
1770,49.35,52.51,51
1771,49.07,52.21,50.42
1772,48.66,51.65,51.09
1773,48.85,51.82,50.82
1774,47.84,50.84,49.46
1775,47.83,50.77,49.64
1776,47.33,50.22,48.38
1777,45.88,48.73,48.38
1778,46.43,49.34,47.97
1779,46.22,49.1,47.97
1780,45.52,48.38,49.68
1781,47.82,50.79,49.68
1782,47.66,50.46,50.16
1783,48.84,51.52,50.16
1784,49.33,51.73,50.16
1785,48.97,51.44,50.02
1786,49.62,51.82,50.57
1787,49.56,52.1,50.13
1788,49.23,51.6,50.94
1789,49.62,51.96,51.36
1790,50.27,52.99,51.46
1791,50.44,52.93,53.04
1792,52.41,54.89,53.12
1793,52.65,55.36,53.49
1794,53.18,55.89,54.16
1795,53.11,55.86,54.61
1796,53.4,56.23,54.33
1797,53.08,55.98,53.88
1798,52.24,55.24,53.94
1799,51.7,54.89,52.64
1800,51.15,54.36,52.99
1801,51.03,54.17,51.1
1802,50.24,53.12,51.67
1803,50.6,52.83,50.78
1804,50.35,52.96,50.71
1805,49.51,52.42,50.14
1806,48.37,51.33,49.23
1807,47.73,50.75,48.84
1808,47.97,50.8,48.97
1809,47.7,50.56,49.17
1810,48.04,50.64,49.02
1811,47.34,50.96,50.42
1812,48.22,51.62,50.05
1813,48.78,51.76,50.13
1814,48.75,51.74,50.64
1815,48.86,51.81,50.01
1816,47.72,50.92,49.82
1817,48.4,51.35,50.04
1818,48.49,51.37,51.16
1819,49.28,52.19,52.52
1820,50.28,53.11,54.02
1821,53.14,55.92,54.44
1822,53.2,56.01,53.85
1823,53.33,55.9,53.68
1824,52.61,55.08,53.86
1825,53.83,56.36,54.94
1826,54.01,55.59,54.44
1827,54.05,55.93,55.18
1828,53.99,55.99,54.7
1829,54.45,56.58,54.75
1830,53.59,55.84,54.68
1831,54.06,56.66,54.64
1832,53.4,56.18,54.46
1833,53.4,55.81,54.06
1834,53.36,55.65,53.95
1835,53.11,54.13,55.75
1836,53.2,54.26,55.97
1837,52.93,55.59,54.76
1838,53.86,56.7,53.78
1839,53,55.63,53.79
1840,52.34,55.12,53.35
1841,52.17,55.05,54.17
1842,53.01,55.72,55.31
1843,53.83,56.81,55.45
1844,53.54,56.56,54.94
1845,53.88,56.8,53.22
1846,52.81,55.7,53.23
1847,52.63,55.23,54.49
1848,53.17,55.52,54.49
1849,53.78,56.24,53.86
1850,52.75,55.08,53.47
1851,53.18,55.44,53.98
1852,52.75,55.23,53.52
1853,52.42,55.49,52.91
1854,51.37,54.16,53.03
1855,51.08,53.92,53.84
1856,52.48,55.47,53.88
1857,52.37,55.86,53.29
1858,52.37,55.45,54.3
1859,53.01,56.01,53.45
1860,52.25,55.1,52.22
1861,50.82,53.64,53.14
1862,51.96,54.94,54.35
1863,53.99,57.1,54.25
1864,53.76,56.89,54.28
1865,53.26,56.46,53.99
1866,52.33,55.47,54.65
1867,53.72,56.82,53.83
1868,53.77,56.14,53.9
1869,54.06,56.22,53.73
1870,53.9,56.09,52.72
1871,53.02,55.16,52.21
1872,52.95,55.05,51.78
1873,52.49,54.46,52.87
1874,52.23,55.35,52.09
1875,52.12,54.92,52.86
1876,51.9,55.21,51.69
1877,50.9,54.02,51.65
1878,51.04,53.9,52.69
1879,52.98,55.72,52.85
1880,52.83,55.69,54.18
1881,51.5,54.33,51.32
1882,50.84,53.89,50.3
1883,49.77,53,50.35
1884,50.93,53.93,51.65
1885,51.79,54.94,51.64
1886,51.68,54.46,50.39
1887,51.06,53.94,49.02
1888,49.44,50.47,44.12
1889,45.23,46.38,44.65
1890,45.23,46.38,44.65
1891,47.08,48.24,43.76
1892,46.06,47.24,45.97
1893,47.96,49,45.67
1894,47.96,48.95,46.07
1895,48.03,49.12,46.08
1896,47.49,48.9,44.47
1897,45.69,46.86,42.8
1898,45.42,46.49,43.47
1899,45.57,46.63,43.45
1900,45.81,46.95,41.97
1901,43.32,44.43,41.95
1902,43.41,44.75,43.7
1903,44.66,45.84,43.67
1904,45.27,46.36,42.57
1905,44.98,46.04,42.87
1906,44.89,46.15,42.69
1907,44.07,45.58,42.84
1908,44.66,46.35,43.52
1909,45.34,46.86,44.08
1910,46.67,48.14,45.42
1911,46.86,48.3,47.44
1912,48.7,49.71,48.4
1913,49.72,50.47,48.16
1914,49.18,49.98,47.91
1915,49.96,50.79,49.2
1916,50.52,51.46,49.48
1917,50.85,51.78,48.82
1918,50.43,51.38,49.66
1919,51.6,52.67,49.67
1920,50.29,51.68,49.23
1921,49.94,51.52,49.12
1922,50.35,51.95,49.88
1923,50.44,52.03,49.07
1924,50.18,51.81,50.03
1925,50.79,52.41,50.01
1926,51.35,53.14,48.9
1927,49.81,51.93,50.07
1928,50.44,52.51,48.77
1929,49.83,51.86,48.83
1930,48.69,50.87,47.83
1931,48.81,50.89,47.87
1932,48.24,49.06,45.11
1933,47.83,49.24,44.65
1934,47.05,48.69,43.38
1935,44.67,45.97,43.13
1936,45.93,47.35,42.15
1937,44.48,45.89,43.39
1938,46.32,47.65,43.58
1939,45.34,46.83,43.08
1940,43.44,45.88,41.99
1941,43.3,45.95,42.43
1942,43.03,45.77,42.34
1943,43.91,46.59,42.04
1944,43.58,45.85,43.57
1945,44.9,47.1,43.69
1946,46.29,48.32,45.45
1947,45.88,48.01,45.45
1948,47.62,49.99,44.83
1949,45.5,47.98,43.67
1950,44.83,47.26,43.4
1951,44.44,47.63,44.28
1952,44.44,46.83,41.71
1953,43.16,45.45,42.98
1954,44.7,47.04,44.79
1955,46.35,48.37,46.16
1956,46.98,49.26,45.82
1957,47.64,49.92,44.62
1958,47.33,49.67,45.59
1959,46.77,49.05,45.96
1960,48.1,49.96,45.38
1961,47.05,49.16,46.85
1962,48.52,50.88,47.26
1963,48.22,50.89,46.65
1964,46.79,49.85,45.85
1965,46.58,49.23,45.74
1966,45.74,48.35,44.43
1967,44.49,46.97,42.89
1968,43.49,46.04,40.49
1969,41.71,44.05,41.34
1970,42.77,44.98,41.59
1971,43.02,45.39,41.59
1972,41.8,44.27,41.22
1973,41.93,44.29,39.99
1974,40.83,43.1,38.54
1975,39.51,41.8,38.85
1976,40.06,42.14,40.04
1977,41.6,42.46,38.64
1978,41.14,42.7,39.88
1979,41.92,43.47,40.59
1980,42.92,44.87,40.37
1981,43.13,44.72,41.38
1982,44.19,45.69,41.63
1983,44.75,46.2,42.73
1984,44.94,47.17,42.24
1985,44.65,46.66,42.21
1986,45.24,46.96,43.38
1987,45.95,47.61,42.59
1988,45.68,47.37,42.31
1989,44.75,46.26,43.41
1990,46.8,48.47,42.58
1991,44.76,46.25,41.97
1992,45.41,46.76,42.5
1993,45.14,46.4,44.99
1994,47.43,48.8,45.01
1995,46.6,47.96,45.01
1996,48.99,50.1,46.97
1997,48.99,50.35,45.19
1998,48.33,49.68,46.46
1999,49.88,50.61,45.73
2000,47.85,48.58,44.55
2001,46.33,47.16,45.11
2002,47.64,48.41,45.47
2003,50.11,50.91,46.48
2004,49.13,49.88,47.12
2005,48.85,50.62,46.4
2006,49.37,50.65,46.53
2007,47.98,49.17,44.48
2008,46.21,47.19,44.93
2009,48.01,48.97,46.09
2010,48.49,49.83,46.3
2011,48.88,50.35,47.06
2012,49.07,50.54,48.23
2013,50.56,51.95,48.98
2014,51.23,52.51,47.99
2015,50.36,51.44,46.82
2016,49.69,50.55,45.91
2017,49.17,50.04,46.17
2018,49.01,49.72,45.44
2019,49.1,49.69,45.9
2020,49.33,49.76,45.54
2021,49.33,49.32,45.31
2022,49.48,49.59,45.74
2023,49.56,49.74,45.27
2024,48.62,48.61,44.55
2025,48.08,48.35,44.87
2026,47.75,48.72,45.65
2027,48.16,48.81,44.75
2028,48.19,48.93,45.76
2029,48.31,49.28,45.68
2030,47.72,48.97,45.35
2031,46.21,47.83,44.39
2032,46.7,48.08,44.65
2033,46.23,47.6,42.18
2034,44.66,45.52,41.23
2035,43.44,43.63,42.84
2036,44.66,45.37,42.2
2037,44.32,45.01,42.45
2038,43.78,44.62,42.05
2039,43.65,44.97,43.03
2040,44.78,45.83,44.26
2041,45.92,48.13,44.26
2042,46.03,48.14,43.22
2043,45.33,47.18,42.59
2044,44.04,45.74,40.83
2045,42.64,44.48,40.86
2046,43.73,45.11,41.01
2047,43.18,44.53,41.7
2048,42.63,45.8,39.03
2049,41.08,44.03,39.17
2050,39.78,42.91,37.73
2051,40.36,43.1,39.37
2052,41.5,43.84,39.66
2053,41.76,44.18,40.11
2054,42.17,44.69,38.67
2055,40.36,42.83,37.79
2056,39.72,41.94,36.71
2057,37.26,39.43,36.48
2058,37.75,39.84,34.69
2059,35.89,37.87,33.83
2060,35.7,37.69,34.84
2061,36.79,38.67,36.22
2062,38.34,39.6,35.05
2063,38.32,39.26,35.45
2064,38.28,39.14,36.17
2065,39.39,40.27,36.31
2066,39.46,40.44,36.04
2067,39.79,40.47,37.14
2068,41.45,41.79,37.43
2069,41.52,41.54,37.14
2070,39.44,41.2,37.42
2071,40.2,41.54,36.67
2072,38.46,40.33,34.8
2073,36.34,38.74,34.66
2074,37.18,39.53,35.69
2075,38.5,40.39,36.37
2076,37.84,40.05,36.26
2077,38.29,41.07,35.03
2078,36.5,39.65,35.56
2079,37.9,40.84,34.39
2080,35.92,38.72,32.17
2081,34.57,37.07,32.04
2082,34.66,36.93,31.95
2083,34.4,36.81,31.65
2084,33.75,36.57,29.99
2085,32.78,35.1,30.43
2086,33.07,35.29,29.46
2087,32.15,34.41,28.57
2088,31.87,33.27,29.69
2089,33.39,34.69,29.33
2090,29.64,33.01,30.07
2091,30.77,34.28,30.25
2092,30.66,34.5,28.31
2093,29.04,32.18,30.66
2094,29.44,33.39,29.22
2095,29.44,33.36,26.86
2096,26.21,30.06,26.08
2097,27.45,30.84,26.2
2098,27.94,30.32,29.22
2099,29.69,32.88,29.22
2100,30.89,34.06,29.22
2101,31.72,34.46,29.51
2102,32.28,35.04,27.52
2103,29.88,32.72,28.08
2104,31.62,34.24,29.01
2105,33.62,34.74,28.37
2106,33.22,33.89,27.08
2107,32.3,33.1,26.11
2108,31.45,31.8,24.84
2109,30.34,30.5,26.1
2110,32.19,32.18,23.88
2111,29.53,29.25,22.83
2112,26.55,27.88,23.36
2113,28.46,28.76,24.72
2114,29.42,28.55,24.65
2115,29.42,28.94,26.22
2116,31.2,31.03,26.04
2117,30.48,30.31,26.49
2118,30.44,30.86,26.44
2119,31.41,31.55,28.07
2120,33.16,33.55,29.11
2121,33.27,33.75,27.96
2122,33.97,34.23,30.76
2123,35.97,36.42,31.66
2124,36.76,37.22,32.54
2125,37.04,37.28,32.19
2126,36.6,36.46,32.74
2127,37.87,37.79,32.11
2128,36.81,36.62,32.61
2129,38.1,37.89,32.83
2130,37.5,37.36,31.82
2131,36.14,36.11,32
2132,34.74,36.35,31.98
2133,34.73,36.88,32.98
2134,34.95,37.06,32.86
2135,35.52,37.19,34.24
2136,37.35,38.45,33.82
2137,36.31,37.92,34.64
2138,35.62,37.93,36.2
2139,36.76,39.73,36.51
2140,37.16,40.11,36.49
2141,37.51,40.26,36.91
2142,37.65,40.73,38.35
2143,39.97,43,39.11
2144,41.08,43.84,38.29
2145,39.94,42.49,39.75
2146,41.85,44.44,39.8
2147,41.65,44.61,39.87
2148,41.71,44.86,40.37
2149,43.04,45.46,40.94
2150,43.04,46.17,41.4
2151,42.87,46.12,40.7
2152,41.75,44.83,39.57
2153,40.39,44.66,40.07
2154,40.54,44.18,40.13
2155,40.75,44.14,39.64
2156,40.67,43.57,40.39
2157,41.74,44.56,40.35
2158,40.74,43.61,40.77
2159,41.75,44.06,41.68
2160,42.93,45.81,42.59
2161,44.21,47.44,42.88
2162,43.87,47.19,42.88
2163,44.29,47.42,43.16
2164,45.2,47.98,43.7
2165,46.32,48.58,45.45
2166,47.9,50.54,43.89
2167,46.14,48.79,44.55
2168,46.59,49.56,43.94
2169,46.06,48.8,44.45
2170,45.94,49.05,43.11
2171,43.2,46.81,43.01
2172,43.98,47.54,43.48
2173,44.6,47.99,43.9
2174,45.38,48.08,43.71
2175,45.2,47.85,44.43
2176,45.55,48.71,44.61
2177,45.89,48.61,46.22
2178,50.46,47.26,46.58
2179,46.38,48.71,46.44
2180,46.64,49.15,46.52
2181,46.66,49.24,47.08
2182,47.1,49.86,49.61
2183,49.63,52.65,49.99
2184,49.43,53.05,48.41
2185,47.81,51.33,48.97
2186,48.53,51.92,46.48
2187,46.26,49.25,45.91
2188,45.34,48.13,45.38
2189,44.74,47.69,45.92
2190,45.09,48.37,44.31
2191,45.23,48.23,43.95
2192,44.43,47.34,45.01
2193,45.7,48.6,44.98
2194,44.91,48.17,45.13
2195,44.48,47.75,45.13
2196,45.83,49.08,45
2197,46.68,48.92,44.58
2198,44.68,47.47,45.99
2199,46.9,49.08,46.78
2200,47.15,49.75,44.08
2201,44.59,46.63,43.87
2202,44,46.37,45.47
2203,48.14,44.63,45.75
2204,45.92,48.89,45.75
2205,44.15,47.58,47.55
2206,45.94,49.52,45.93
2207,46.05,47.63,46.6
2208,46.05,49.61,47.19
2209,46.75,50.68,47.01
2210,46.25,50.5,46.16
2211,45.41,49.56,49.98
2212,49.2,54.15,48.72
2213,45.22,50.05,46.84
2214,42.56,47.56,43.57
2215,38.6,43.14,42.94
2216,39.31,43.21,42.66
2217,38.24,42.69,44.4
2218,40.45,45.46,46.23
2219,41.14,46.62,46.73
2220,40.8,47.16,48.27
2221,42.62,48.81,48.22
2222,41.87,48.74,48.53
2223,42.5,49.03,49.43
2224,42.23,49.22,49.87
2225,43.3,49.66,49.37
2226,43.08,49.18,50.59
2227,44.96,50.41,49.71
2228,43.87,48.61,49.71
2229,44.66,49.52,49.71
2230,45.15,49.59,50.09
2231,45.74,49.99,50.13
2232,45.17,49.52,51.11
2233,47.12,52.21,52.07
2234,48.52,53.31,52.53
2235,48.79,53.38,51.86
2236,47.98,53.3,51.85
2237,47.39,53.47,52.87
2238,48.14,54.62,53.45
2239,48.45,55.27,54.22
2240,49.19,56.13,55.03
2241,50.36,57.04,54.68
2242,50.15,56.65,55.4
2243,50.89,57.1,55.75
2244,50.91,57.51,55.75
2245,51.41,57.05,56.93
2246,53.04,58.51,56.25
2247,52.2,57.85,57.75
2248,52.74,58.73,58.19
2249,52.78,58.61,56.69
2250,51.65,57.05,54.98
2251,52.33,56.85,55.16
2252,52.53,56.54,57.93
2253,56.93,60.32,59.45
2254,56.93,62.07,59.51
2255,56.96,62.01,60.93
2256,59.47,63.59,59.56
2257,58.33,62.01,59.36
2258,59.63,63.26,60.01
2259,59.7,63.2,60.26
2260,60.27,63.49,61.09
2261,61.01,64.45,60.11
2262,59.68,63.34,59.82
2263,59.61,63.02,60.93
2264,60.45,64.26,60.98
2265,59.92,63.87,60.81
2266,59.97,63.7,60.46
2267,59.52,62.61,61.29
2268,59.96,63.87,62.42
2269,60.77,65.11,63.44
2270,61.43,65.7,62.66
2271,60.14,64.88,59.64
2272,58.14,62.69,60.23
2273,59.13,63.31,59.03
2274,58,62.03,60.71
2275,59.64,63.8,62.3
2276,61.26,65.49,62.49
2277,60.2,64.88,61.11
2278,60.3,65.56,61.11
2279,57.68,62.58,60.64
2280,57.51,62.06,62.11
2281,58.03,63.72,63.07
2282,59.72,65.52,62.98
2283,59.72,65.37,64.03
2284,60.72,66.54,62.68
2285,58.98,65.03,61.75
2286,57.26,64.02,62.79
2287,59.43,66.27,63.58
2288,59.69,66.81,63.49
2289,59.88,66.7,63.61
2290,60.5,66.81,64.21
2291,60.75,66.86,62.4
2292,59.25,64.91,62.84
2293,59.39,65.39,62.96
2294,58.94,65.54,65.06
2295,60.93,67.77,64.79
2296,60.4,67.52,63.28
2297,59.83,66.45,63.03
2298,59.15,66.46,62.69
2299,59.63,66.46,62.69
2300,58.58,65.84,61.62
2301,57.06,64.64,61.62
2302,56.99,64.83,62
2303,57.15,65.28,61.43
2304,57.74,64.85,58.6
2305,56.16,62.73,58.03
2306,56.61,62.08,59.25
2307,56.38,63.45,59.34
2308,55.74,63.45,59.21
2309,56.71,63.98,58.66
2310,56.39,60.32,56.82
2311,53.29,58.43,56.32
2312,51.91,57.93,56.58
2313,51.64,57.87,54.28
2314,50.79,56.57,53.31
2315,50.42,55.55,55.92
2316,53.98,59.1,55.01
2317,52.14,58.12,53.95
2318,49.14,54.95,54.63
2319,50.09,57.1,52.83
2320,47.6,55.11,53.84
2321,48.68,56.29,53.95
2322,48.87,56.41,56.37
2323,51.43,59.19,53.99
2324,49.21,56.48,52.69
2325,47.51,55.11,53.4
2326,47.45,55.92,52.87
2327,45.72,55.32,52.06
2328,43.96,54.43,53.4
2329,44.66,55.91,51.24
2330,43.46,53.51,51.64
2331,43.88,53.44,52.75
2332,44.84,54.67,54.96
2333,47.05,57.08,55.4
2334,48.17,57.54,53.5
2335,48.29,56.39,55.48
2336,50,58.53,56.58
2337,49.61,59.73,57.26
2338,50.76,60.48,57.35
2339,51.53,60.55,57.8
2340,50.52,61.02,57.15
2341,49.59,59.54,59.58
2342,49.76,62.58,57.39
2343,48.17,60.05,58.42
2344,50.99,61.63,55.84
2345,49.28,58.66,56.06
2346,49.45,58.9,57.29
2347,50.81,60.22,59.32
2348,51.16,60.21,59.32
2349,52.14,60.53,59.32
2350,53.53,62.53,58.89
2351,52.78,61.4,58.83
2352,52.78,61.52,57.7
2353,51.21,57.05,54.75
2354,51.21,57.05,54.75
2355,48.84,54.66,54.91
2356,50.02,56.43,55.83
2357,52.86,58.34,55.37
2358,51.69,57.8,54.23
2359,50.48,56.57,51.41
2360,45.48,54.16,54.72
2361,53.05,57.91,52.62
2362,49.57,54.75,48.81
2363,48.24,52.99,45.59
2364,44.53,49.13,44.63
2365,44.45,48.47,44.83
2366,46.23,49.6,43.63
2367,45.15,48.16,44.15
2368,45.59,48.79,44.42
2369,48.31,48.52,44.65
2370,47.78,49.03,44.75
2371,46.39,47.99,44.82
2372,46.39,47.99,44.82
2373,48.69,50.17,43.92
2374,46.25,47.67,44.48
2375,48.48,48.69,42.55
2376,45.89,46.59,42.55
2377,46.07,47.43,45.67
2378,48.36,50.11,47.41
2379,48.79,50.96,47.5
2380,48.65,51.15,46.6
2381,47.93,51.1,48.08
2382,50.04,53.11,50.98
2383,52.69,56.42,53.27
2384,53.27,57.33,53.6
2385,54.12,57.9,53.62
2386,53.61,57.88,55.87
2387,54.73,59.45,56.32
2388,55.84,60.24,57.22
2389,57.12,61.69,56.2
2390,55.26,60.11,58.09
2391,57.13,61.38,55.7
2392,54.11,59.27,56.42
2393,56.47,61.18,55.56
2394,55.93,60.01,56.5
2395,55.91,61.06,59.56
2396,57.81,61.85,60.51
2397,59.95,63.68,61.57
2398,60.94,64.24,63.76
2399,63.82,66.84,63.2
2400,63.05,66.19,65.62
2401,65.84,69.07,66.24
2402,66.81,69.64,66.95
2403,67.38,69.92,67.07
2404,66.88,70.54,69.02
2405,69,72.54,66.49
2406,66.15,70.15,69.09
2407,73.69,72.58,73.33
2408,73.69,77.75,75.71
2409,74.09,78.33,77.11
2410,75.78,79.68,77.54
2411,76.51,80.36,75.9
2412,75.58,78.1,74.46
2413,74.58,78.1,74.46
2414,74.61,78.47,75.08
2415,75.64,79.31,75.14
2416,75.82,79.41,74.01
2417,74.21,77.92,77.56
2418,77.18,80.38,78.55
2419,77.94,81.67,79.16
2420,77.4,82.34,80.08
2421,78.65,83.39,79.67
2422,77.91,82.86,79.8
2423,78.68,82.95,79.77
2424,77.19,82.82,81.65
2425,78.78,84.78,84.04
2426,80.54,85.86,84.27
2427,81.12,86.24,84.82
2428,82.2,87.12,84.14
2429,81.42,86.03,83.98
2430,81,85.83,84.19
2431,81.01,86.13,84.63
2432,82.09,86.83,83.25
2433,80.52,84.71,84.33
2434,82.81,86.22,84.33
2435,82.71,85.4,84.89
2436,82.75,86.16,83.85
2437,82.7,84.47,83.07
2438,81.78,83.78,84.23
2439,81.84,85.04,87.34
2440,85.74,88.89,88.25
2441,85.82,90.21,88.04
2442,85.77,90.05,89.23
2443,87.31,91.38,89.93
2444,88.85,92.11,90.88
2445,90.34,92.79,90.14
2446,89.74,92.31,91.12
2447,91.01,93.42,91.86
2448,90.73,94.16,93.52
2449,91.16,94.67,95.01
2450,94.57,97.2,94.9
2451,93.54,97,94.91
2452,92.53,97,94.92
2453,92.8,96.95,94.84
2454,91.56,96.85,94.92
2455,90.87,96.97,95.92
2456,92.41,98.39,95.42
2457,93.07,97.7,96.37
2458,94.42,98.97,96.46
2459,94.88,99.05,94.94
2460,92.92,97.88,95.19
2461,92.27,97.11,95.89
2462,92.83,98.08,95.81
2463,91.67,98.04,96.77
2464,92.75,99.16,97.56
2465,92.66,100.2,98.07
2466,93.29,100.82,99.03
2467,94.45,101.83,100.05
2468,95.54,102.77,97.74
2469,92.88,100.34,100.39
2470,95.96,102.79,100.94
2471,95.96,102.79,100.94
2472,94.55,102.46,100.68
2473,93.88,102.72,100.51
2474,93.86,102.5,100.49
2475,93.35,102.65,100.24
2476,93.65,102.29,100.52
2477,93.96,102.63,100.3
2478,96.07,102.28,100.45
2479,94.48,101.56,100.64
2480,96.41,101.6,102.12
2481,97.35,103.53,100.96
2482,95.58,102.01,103.02
2483,97.59,104.28,101.98
2484,97.37,103.02,103.25
2485,98.08,104.68,103.48
2486,97.65,105.02,103.85
2487,97.34,105.44,103
2488,96.92,104.59,102.87
2489,97.38,104.61,103.81
2490,98.29,105.41,103.15
2491,97.88,104.84,104.92
2492,98.17,106.02,105.23
2493,100.27,106.51,105.98
2494,100.97,107.72,105.84
2495,101.67,107.57,105.15
2496,102.09,108.39,105.15
2497,102.07,107.07,105.79
2498,103.12,108.03,105.33
2499,104.42,107.33,105.53
2500,104.59,107.68,105.17
2501,103.13,107.24,105.71
2502,103.19,107.89,104.96
2503,101.2,107.17,105.06
2504,99.96,106.02,104.49
2505,100.91,106.98,104.76
2506,100.83,106.66,106.03
2507,102.93,108.67,105.67
2508,102.29,108.28,106.11
2509,103.53,110.24,107.15
2510,104.06,110.64,107.95
2511,104.06,111,107.72
2512,104.48,111.24,109.16
2513,105.34,112.29,109.18
2514,105.37,112.36,109.29
2515,105.74,113.3,109.68
2516,105.84,113.21,109.89
2517,106.5,114,110.05
2518,106.03,114.46,109.76
2519,106.17,114.12,111.23
2520,107.26,114.81,110.74
2521,106.43,115.06,110.46
2522,105.97,114.26,109.94
2523,106.36,113.45,108.76
2524,106.9,112.94,109.27
2525,106.91,113.41,109.51
2526,106.53,113.02,106.96
2527,104.4,109.95,105.37
2528,104.35,109.52,105.16
2529,104.41,109.99,105.14
2530,102.66,108.61,105.31
2531,102.48,108.79,104.28
2532,102.64,108.4,105.31
2533,102.66,108.82,104.85
2534,102.47,108.83,105.6
2535,102.71,109.41,106.28
2536,103.58,109.97,106.33
2537,102.72,109.81,106.59
2538,104.11,110.02,106.81
